{
  "simulation_config": {
    "n_mc_iterations": 500,
    "n_pairs_per_iter": 300,
    "n_pairs_asd": 150,
    "n_pairs_non_asd": 150,
    "alpha_values": [
      0.0,
      0.05,
      0.1,
      0.15,
      0.2,
      0.25,
      0.3,
      0.35,
      0.4,
      0.45,
      0.5,
      0.55,
      0.6,
      0.65,
      0.7,
      0.75,
      0.8,
      0.85,
      0.9,
      0.95,
      1.0
    ],
    "random_state": 42,
    "threshold_default": 0.5
  },
  "datasets": {
    "facial_n": 3917,
    "facial_asd_n": 1952,
    "facial_non_n": 1965,
    "qchat_n": 1838,
    "qchat_asd_n": 1259,
    "qchat_non_n": 579,
    "note": "No patient overlap between facial and Q-CHAT datasets"
  },
  "standalone_baselines": {
    "facial_auc": 0.8578,
    "qchat_auc": 0.9991,
    "logreg_probe_auc": 0.8593,
    "facial_recall": 0.8089,
    "facial_precision": 0.7588,
    "facial_f2": 0.7984,
    "qchat_recall": 0.9881,
    "qchat_precision": 0.9889,
    "qchat_f2": 0.9882
  },
  "alpha_sweep": [
    {
      "alpha": 0.0,
      "auc_mean": 0.9990682666666666,
      "auc_std": 0.000643628148146443,
      "f2_mean": 0.9854531215709625,
      "f2_std": 0.007128881958454542,
      "recall_mean": 0.988,
      "recall_std": 0.008506206884126162,
      "prec_mean": 0.9755922317527852,
      "prec_std": 0.012576566051543779,
      "spec_mean": 0.9751066666666667,
      "spec_std": 0.013150824224274984
    },
    {
      "alpha": 0.05,
      "auc_mean": 0.9992980444444444,
      "auc_std": 0.000536765924108407,
      "f2_mean": 0.9858241202809982,
      "f2_std": 0.007413749567429724,
      "recall_mean": 0.9883866666666667,
      "recall_std": 0.008567213990297858,
      "prec_mean": 0.9758816476869074,
      "prec_std": 0.012418132593587317,
      "spec_mean": 0.9754133333333335,
      "spec_std": 0.012972887967689467
    },
    {
      "alpha": 0.1,
      "auc_mean": 0.9993398222222222,
      "auc_std": 0.0005222717404418847,
      "f2_mean": 0.9860467983522461,
      "f2_std": 0.007054161183731294,
      "recall_mean": 0.98836,
      "recall_std": 0.008266354832828194,
      "prec_mean": 0.9770867463993331,
      "prec_std": 0.01254856650568297,
      "spec_mean": 0.9766533333333334,
      "spec_std": 0.013087731320252224
    },
    {
      "alpha": 0.15,
      "auc_mean": 0.9993613333333333,
      "auc_std": 0.0005268065449502961,
      "f2_mean": 0.9855116164936449,
      "f2_std": 0.0072158309445190085,
      "recall_mean": 0.9877866666666666,
      "recall_std": 0.008691697187546272,
      "prec_mean": 0.9766999444443554,
      "prec_std": 0.011850681528784908,
      "spec_mean": 0.97628,
      "spec_std": 0.012333578375944083
    },
    {
      "alpha": 0.2,
      "auc_mean": 0.9993545777777778,
      "auc_std": 0.0005746333512728453,
      "f2_mean": 0.98732808701169,
      "f2_std": 0.007004912607289773,
      "recall_mean": 0.99052,
      "recall_std": 0.008099152219008265,
      "prec_mean": 0.9749436069957372,
      "prec_std": 0.012647689685987007,
      "spec_mean": 0.9743733333333334,
      "spec_std": 0.013279330639088031
    },
    {
      "alpha": 0.25,
      "auc_mean": 0.999219288888889,
      "auc_std": 0.0008146530204348985,
      "f2_mean": 0.9889024954802553,
      "f2_std": 0.006293988160892873,
      "recall_mean": 0.9916266666666668,
      "recall_std": 0.00729829203763912,
      "prec_mean": 0.9783114136619366,
      "prec_std": 0.011844011481421567,
      "spec_mean": 0.9778666666666667,
      "spec_std": 0.012331711605089982
    },
    {
      "alpha": 0.3,
      "auc_mean": 0.9989648,
      "auc_std": 0.0009991865689180264,
      "f2_mean": 0.9884091754161275,
      "f2_std": 0.006577225231537407,
      "recall_mean": 0.9906133333333332,
      "recall_std": 0.0075705159078566725,
      "prec_mean": 0.9798341717780845,
      "prec_std": 0.011353918147978386,
      "spec_mean": 0.97948,
      "spec_std": 0.011805678483020122
    },
    {
      "alpha": 0.35,
      "auc_mean": 0.9984666666666667,
      "auc_std": 0.00139058563025141,
      "f2_mean": 0.9911278485426619,
      "f2_std": 0.005675754466869249,
      "recall_mean": 0.9942533333333334,
      "recall_std": 0.006487444283639998,
      "prec_mean": 0.9789523160266177,
      "prec_std": 0.011087991123306376,
      "spec_mean": 0.9784933333333333,
      "spec_std": 0.011568009528196472
    },
    {
      "alpha": 0.4,
      "auc_mean": 0.9981409777777777,
      "auc_std": 0.001629604157646045,
      "f2_mean": 0.9911169769799628,
      "f2_std": 0.005316268020043873,
      "recall_mean": 0.9943866666666668,
      "recall_std": 0.006055432822405568,
      "prec_mean": 0.9783966598821033,
      "prec_std": 0.011748711623314383,
      "spec_mean": 0.9778933333333334,
      "spec_std": 0.012292986256850328
    },
    {
      "alpha": 0.45,
      "auc_mean": 0.9971903111111111,
      "auc_std": 0.0019326570853058051,
      "f2_mean": 0.9892918410726527,
      "f2_std": 0.006345033405210474,
      "recall_mean": 0.9930399999999999,
      "recall_std": 0.007309245287077633,
      "prec_mean": 0.9747483018118233,
      "prec_std": 0.012436464136431465,
      "spec_mean": 0.9741066666666666,
      "spec_std": 0.013109019795545358
    },
    {
      "alpha": 0.5,
      "auc_mean": 0.9947436444444444,
      "auc_std": 0.0026649461768358676,
      "f2_mean": 0.9765723978787766,
      "f2_std": 0.009743446240713605,
      "recall_mean": 0.9819200000000001,
      "recall_std": 0.011331482201763748,
      "prec_mean": 0.9560340180326828,
      "prec_std": 0.01547067304785567,
      "spec_mean": 0.9545866666666666,
      "spec_std": 0.016659539809570575
    },
    {
      "alpha": 0.55,
      "auc_mean": 0.9856687111111112,
      "auc_std": 0.004817935193000279,
      "f2_mean": 0.9245008477423222,
      "f2_std": 0.017432087381641172,
      "recall_mean": 0.9321466666666667,
      "recall_std": 0.020468204068207298,
      "prec_mean": 0.8958071700688687,
      "prec_std": 0.02231920153092053,
      "spec_mean": 0.8910133333333333,
      "spec_std": 0.025725815827685617
    },
    {
      "alpha": 0.6,
      "auc_mean": 0.9763090666666667,
      "auc_std": 0.006511984451705896,
      "f2_mean": 0.8978690789165813,
      "f2_std": 0.019943794682283533,
      "recall_mean": 0.9062533333333334,
      "recall_std": 0.02377501583128343,
      "prec_mean": 0.866709046024853,
      "prec_std": 0.023864664271444163,
      "spec_mean": 0.85992,
      "spec_std": 0.02866190348024903
    },
    {
      "alpha": 0.65,
      "auc_mean": 0.9655668444444445,
      "auc_std": 0.008432166218053866,
      "f2_mean": 0.879360295945187,
      "f2_std": 0.02153297184237486,
      "recall_mean": 0.88888,
      "recall_std": 0.02544342394848268,
      "prec_mean": 0.8442208857819785,
      "prec_std": 0.0257039597002879,
      "spec_mean": 0.8351466666666668,
      "spec_std": 0.03176442174649003
    },
    {
      "alpha": 0.7,
      "auc_mean": 0.9555288,
      "auc_std": 0.00944411289310848,
      "f2_mean": 0.8634013596022941,
      "f2_std": 0.022588659642930248,
      "recall_mean": 0.8735733333333333,
      "recall_std": 0.02705279118891637,
      "prec_mean": 0.8260502641441322,
      "prec_std": 0.02525332004515479,
      "spec_mean": 0.8151866666666667,
      "spec_std": 0.03208926161679497
    },
    {
      "alpha": 0.75,
      "auc_mean": 0.9447040888888889,
      "auc_std": 0.010709393411001623,
      "f2_mean": 0.8494016162522664,
      "f2_std": 0.023488313245166016,
      "recall_mean": 0.85988,
      "recall_std": 0.028210065973375928,
      "prec_mean": 0.8109599539059418,
      "prec_std": 0.02381220640636479,
      "spec_mean": 0.7988133333333333,
      "spec_std": 0.03074650187871423
    },
    {
      "alpha": 0.8,
      "auc_mean": 0.9336072888888889,
      "auc_std": 0.012753197234874279,
      "f2_mean": 0.8367247351648136,
      "f2_std": 0.026203129721505604,
      "recall_mean": 0.8478,
      "recall_std": 0.030734056390626704,
      "prec_mean": 0.7962009359429579,