,Stage 0 (15 feat),Stage 1 (12 feat),Delta (S1 - S0)
Accuracy,0.9456,0.8327,-0.1129
Precision,0.9168,0.7885,-0.12829999999999997
Recall,0.9551,0.8138,-0.14129999999999998
F1,0.9355,0.8009,-0.13460000000000005
ROC-AUC,0.9806,0.9151,-0.0655
Brier Score,0.0448,0.1172,0.07239999999999999
ECE,0.0244,0.0527,0.028299999999999995
Features,15.0,12.0,-3.0
CV Acc Mean,0.9334,0.8459,-0.08750000000000002
CV AUC Mean,0.9773,0.9126,-0.06469999999999998
