{
  "n_bootstrap": 100,
  "n_test_samples": 1215,
  "boot_subsample": 200,
  "data_mode": "raw",
  "mean_spearman": 0.38622377622377635,
  "std_spearman": 0.051709066623082355,
  "ci_lower": 0.2826923076923077,
  "ci_upper": 0.4685314685314686,
  "mean_abs_shap": {
    "A4": 0.08956491605120276,
    "A7": 0.08501604750362972,
    "A8": 0.07757071022903607,
    "A5": 0.0675981174810421,
    "A2": 0.06486662952324151,
    "A1": 0.062411302305704255,
    "A10": 0.053394632317800575,
    "A9": 0.05010420376785731,
    "Sex_M": 0.03766408732803333,
    "A3": 0.0365657503637103,
    "A6": 0.029668373984504986,
    "Family_mem_with_ASD_Yes": 0.00623121017929445
  },
  "top_drivers": {
    "A7": 199,
    "Sex_M": 185,
    "A4": 182,
    "A8": 140,
    "A2": 124,
    "A5": 106,
    "A1": 81,
    "A9": 61,
    "A3": 54,
    "A10": 48,
    "A6": 19,
    "Family_mem_with_ASD_Yes": 16
  }
}