fold,accuracy,precision,recall,f2
1,0.7134751773049646,0.7467105263157895,0.6448863636363636,0.6629672897196262
2,0.7333333333333333,0.7484848484848485,0.7017045454545454,0.7105868814729573
3,0.7375886524822695,0.754601226993865,0.7008547008547008,0.7109826589595376
4,0.7347517730496453,0.7342857142857143,0.7321937321937322,0.7326111744583808
5,0.7078014184397163,0.6863753213367609,0.7606837606837606,0.7445621862799777
